task_id,attempt,provider,status,repository,base_commit,prompt_path,model,started_at,finished_at,session_url,pr_url,delivered_commit,onboarding_minutes,prompt_minutes,supervision_minutes,review_minutes,repair_minutes,clarifications,interventions,criteria_passed,criteria_total,required_checks_passed,manual_code_repair,accepted,usage_unit,usage_quantity,measured_cost_usd,estimated_cost_usd,budget_limit,stop_reason,evidence_path
T1,1,devin,not_run,,,,,,,,,,,,,,,,,,,,,,,,,,,,
T1,1,copilot,not_run,,,,,,,,,,,,,,,,,,,,,,,,,,,,
T1,1,kiln,not_run,,,,,,,,,,,,,,,,,,,,,,,,,,,,
T1,2,devin,not_run,,,,,,,,,,,,,,,,,,,,,,,,,,,,
T1,2,copilot,not_run,,,,,,,,,,,,,,,,,,,,,,,,,,,,
T1,2,kiln,not_run,,,,,,,,,,,,,,,,,,,,,,,,,,,,
T2,1,devin,not_run,,,,,,,,,,,,,,,,,,,,,,,,,,,,
T2,1,copilot,not_run,,,,,,,,,,,,,,,,,,,,,,,,,,,,
T2,1,kiln,not_run,,,,,,,,,,,,,,,,,,,,,,,,,,,,
T2,2,devin,not_run,,,,,,,,,,,,,,,,,,,,,,,,,,,,
T2,2,copilot,not_run,,,,,,,,,,,,,,,,,,,,,,,,,,,,
T2,2,kiln,not_run,,,,,,,,,,,,,,,,,,,,,,,,,,,,
T3,1,devin,not_run,,,,,,,,,,,,,,,,,,,,,,,,,,,,
T3,1,copilot,not_run,,,,,,,,,,,,,,,,,,,,,,,,,,,,
T3,1,kiln,not_run,,,,,,,,,,,,,,,,,,,,,,,,,,,,
T3,2,devin,not_run,,,,,,,,,,,,,,,,,,,,,,,,,,,,
T3,2,copilot,not_run,,,,,,,,,,,,,,,,,,,,,,,,,,,,
T3,2,kiln,not_run,,,,,,,,,,,,,,,,,,,,,,,,,,,,
